{"loss": [0.5607286095619202, 0.35767343640327454, 0.303804486989975, 0.26903191208839417, 0.24342264235019684, 0.22378826141357422, 0.2037276029586792, 0.18891458213329315, 0.17793278396129608, 0.16491983830928802, 0.15392890572547913, 0.14281044900417328, 0.13645920157432556, 0.12613752484321594, 0.11954763531684875, 0.11483641713857651, 0.10787256062030792, 0.10496705025434494, 0.0985264927148819, 0.09541567414999008], "accuracy": [0.7968000173568726, 0.8726666569709778, 0.8900333046913147, 0.9013166427612305, 0.9114833474159241, 0.9193666577339172, 0.9244666695594788, 0.9297833442687988, 0.9347166419029236, 0.9389500021934509, 0.9426500201225281, 0.9466666579246521, 0.9491333365440369, 0.9523500204086304, 0.9547500014305115, 0.9559999704360962, 0.9588000178337097, 0.9597333073616028, 0.9634666442871094, 0.9642999768257141], "val_loss": [0.377358615398407, 0.3072842061519623, 0.3045251667499542, 0.2799588441848755, 0.26173943281173706, 0.2670009136199951, 0.28509998321533203, 0.2630625367164612, 0.26860159635543823, 0.30749765038490295, 0.28228750824928284, 0.2875567376613617, 0.29881712794303894, 0.29998448491096497, 0.32883521914482117, 0.33233317732810974, 0.3420696258544922, 0.36808517575263977, 0.3870493769645691, 0.3885352909564972], "val_accuracy": [0.8597000241279602, 0.8906000256538391, 0.8870000243186951, 0.8999999761581421, 0.9043999910354614, 0.9039000272750854, 0.90420001745224, 0.9089999794960022, 0.9133999943733215, 0.9047999978065491, 0.9132000207901001, 0.9114999771118164, 0.9128000140190125, 0.9147999882698059, 0.9117000102996826, 0.9111999869346619, 0.9143999814987183, 0.9139999747276306, 0.9111999869346619, 0.9126999974250793]}