{"loss": [0.7667248845100403, 0.6756392121315002, 0.6476149559020996, 0.5927816033363342, 0.5873798131942749, 0.5703833103179932, 0.5432205200195312, 0.5299957394599915, 0.5371628403663635, 0.5184008479118347, 0.5173875093460083, 0.50860995054245, 0.49723750352859497, 0.49486130475997925, 0.5175497531890869, 0.4720885157585144, 0.449104905128479, 0.4597093164920807, 0.4580630958080292, 0.4742482006549835, 0.45728638768196106, 0.45826634764671326, 0.4501110315322876, 0.4599897265434265, 0.4519575536251068, 0.4333873987197876, 0.424066424369812, 0.43989232182502747, 0.42503002285957336, 0.4087733328342438, 0.41086795926094055, 0.42552152276039124, 0.40778809785842896, 0.41204747557640076, 0.4220658242702484, 0.4241281747817993, 0.4194949269294739, 0.41791439056396484, 0.42217108607292175, 0.3912409842014313, 0.419447660446167, 0.3994632959365845, 0.4021046459674835, 0.4047861695289612, 0.40470466017723083, 0.403945654630661, 0.39466193318367004, 0.40355557203292847, 0.3948078155517578, 0.39771315455436707], "accuracy": [0.7285416722297668, 0.7556250095367432, 0.7612500190734863, 0.7806249856948853, 0.7822916507720947, 0.7933333516120911, 0.8068749904632568, 0.8077083230018616, 0.8016666769981384, 0.8104166388511658, 0.8104166388511658, 0.815833330154419, 0.8229166865348816, 0.8164583444595337, 0.8070833086967468, 0.8266666531562805, 0.8379166722297668, 0.8333333134651184, 0.8266666531562805, 0.82833331823349, 0.831041693687439, 0.8347916603088379, 0.8402083516120911, 0.8293750286102295, 0.8339583277702332, 0.8366666436195374, 0.8422916531562805, 0.8387500047683716, 0.8441666960716248, 0.847083330154419, 0.8493750095367432, 0.8475000262260437, 0.8477083444595337, 0.8541666865348816, 0.8500000238418579, 0.8414583206176758, 0.84395831823349, 0.8506249785423279, 0.8462499976158142, 0.8635416626930237, 0.846666693687439, 0.8587499856948853, 0.8522916436195374, 0.840624988079071, 0.8485416769981384, 0.8495833277702332, 0.8608333468437195, 0.8506249785423279, 0.8545833230018616, 0.8547916412353516], "val_loss": [0.661490797996521, 0.6057901978492737, 0.5674852132797241, 0.508431613445282, 0.5839923024177551, 0.48026618361473083, 0.5351568460464478, 0.4780704379081726, 0.47904643416404724, 0.489908367395401, 0.48034581542015076, 0.4557216167449951, 0.46754246950149536, 0.4293087124824524, 0.4590359628200531, 0.4281139075756073, 0.41752615571022034, 0.4212155044078827, 0.44199204444885254, 0.43268296122550964, 0.4284815490245819, 0.3979206383228302, 0.45549437403678894, 0.35872387886047363, 0.4009789228439331, 0.4142886996269226, 0.40380141139030457, 0.39142537117004395, 0.4050109088420868, 0.3733370900154114, 0.3823949098587036, 0.4137798249721527, 0.441099613904953, 0.3713301122188568, 0.33648958802223206, 0.3670100271701813, 0.34314078092575073, 0.4148375988006592, 0.3814082741737366, 0.37066981196403503, 0.3592053949832916, 0.3678872585296631, 0.3684663772583008, 0.36079367995262146, 0.31966403126716614, 0.37967944145202637, 0.3590449392795563, 0.36046528816223145, 0.3871462941169739, 0.33779406547546387], "val_accuracy": [0.7699999809265137, 0.7756249904632568, 0.7962499856948853, 0.8081250190734863, 0.7868750095367432, 0.8237500190734863, 0.8031250238418579, 0.8262500166893005, 0.8268749713897705, 0.8387500047683716, 0.8262500166893005, 0.8443750143051147, 0.8306249976158142, 0.8600000143051147, 0.8368750214576721, 0.8481249809265137, 0.8525000214576721, 0.8531249761581421, 0.8443750143051147, 0.84375, 0.8381249904632568, 0.8587499856948853, 0.8349999785423279, 0.8656250238418579, 0.8543750047683716, 0.8506249785423279, 0.8487499952316284, 0.8606250286102295, 0.8550000190734863, 0.8681250214576721, 0.8568750023841858, 0.8525000214576721, 0.8487499952316284, 0.8650000095367432, 0.875, 0.8687499761581421, 0.878125011920929, 0.8600000143051147, 0.8712499737739563, 0.8643749952316284, 0.8637499809265137, 0.8650000095367432, 0.8737499713897705, 0.8693749904632568, 0.8837500214576721, 0.8687499761581421, 0.8743749856948853, 0.8706250190734863, 0.859375, 0.8681250214576721]}